{"cameraMode":{"drawMode":0,"name":"Shaded","section":"Shading Mode"},"sceneLighting":true,"audioPlay":false,"sceneViewState":{"m_AlwaysRefresh":false,"showFog":true,"showSkybox":true,"showFlares":true,"showImageEffects":true,"showParticleSystems":true,"showVisualEffectGraphs":true,"m_FxEnabled":true},"in2DMode":false,"pivot":{"x":0.5337286591529846,"y":7.133989334106445,"z":11.90866756439209},"rotation":{"x":-0.009530886076390744,"y":0.9719071984291077,"z":-0.23548823595046998,"w":0.003952103666961193},"size":0.8571712970733643,"orthographic":false}