{"cameraMode":{"drawMode":0,"name":"Shaded","section":"Shading Mode"},"sceneLighting":true,"audioPlay":false,"sceneViewState":{"m_AlwaysRefresh":false,"showFog":true,"showSkybox":true,"showFlares":true,"showImageEffects":true,"showParticleSystems":true,"showVisualEffectGraphs":true,"m_FxEnabled":true},"in2DMode":false,"pivot":{"x":3.2653865814208986,"y":3.238558530807495,"z":9.172608375549317},"rotation":{"x":-0.01409295853227377,"y":0.9852242469787598,"z":-0.13865074515342713,"w":-0.10021770000457764},"size":0.8660253882408142,"orthographic":false}